---------------------------------------------------------------------------------------------------------------------------------------------
--INSERT TO TABLE Branch
---------------------------------------------------------------------------------------------------------------------------------------------

INSERT INTO Branch(BranchID, BranchName, BranchAddress)
VALUES
('BR001','Bandung','Tamansari Street'),
('BR002','Jakarta Barat','KH Syahdan Street'),
('BR003','Jakarta Timur','Ramayana Street'),
('BR004','Jakarta Utara','Gajah Mada Street'),
('BR005','Jakarta Selatan','Prapanca Raya Street'),
('BR006','Jakarta Pusat','Tanah Abang Street'),
('BR007','Bogor','Siliwangi Street'),
('BR008','Depok','Somantri Street'),
('BR009','Tangerang','Ciledug Raya Street'),
('BR010','Bekasi','Bulevar Street')

---------------------------------------------------------------------------------------------------------------------------------------------
--INSERT TO TABLE Staff
---------------------------------------------------------------------------------------------------------------------------------------------

INSERT INTO Staff
VALUES 
('ST001','Alvin alzano','Male','alzanoalvin@gmail.com','0812819778','Woltermonginsidi Street','19000000'),
('ST002','Bayu idris','Male','bayuidris@gmail.com','0822335567','cendrawasi street','15000000'),
('ST003','Aji permata','Male','ajipermata@gmail.com','085632119','garuda street','7000000'),
('ST004','Intan permata','Female','intanpermata@gmail.com','0896448721','bukit indah street','9000000'),
('ST005','Dian aditya','Male','dianaditya@gmail.com','0877439551','kapung baru street','10000000'),
('ST006','Surya agung','Male','suryaagung@gmail.com','0822976641','sawah baru street','5000000'),
('ST007','Muhammad alifian','Male','muhammadalifian@gmail.com','0836572334','pondok indah street','100000000'),
('ST008','Muhammad fadli ','Male','muhammadfadli@gmail.com','0877539214','kota indah street','100000'),
('ST009','Ahmad cipuy','Male','ahmadcipuy@gmail.com','0855739216','sawah lama street','12000000'),
('ST010','Sukron harfani','Male','sukronharfani@gmail.com','0839881752','bukit nusa indah street','17000000')

---------------------------------------------------------------------------------------------------------------------------------------------
--INSERT TO TABLE Product Catagory
---------------------------------------------------------------------------------------------------------------------------------------------

INSERT INTO ProductCatagory VALUES
('PC001','Baby Products'),
('PC002','Clothing'),
('PC003','Electronic'),
('PC004','Furniture'),
('PC005','Hardlines'),
('PC006','Lighters'),
('PC007','Personal Care'),
('PC008','Sport Equipment'),
('PC009','Toiletry'),
('PC010','Toys')

---------------------------------------------------------------------------------------------------------------------------------------------
--INSERT TO TABLE Product
---------------------------------------------------------------------------------------------------------------------------------------------

INSERT INTO Product
VALUES
('PD001','PC008','Nike Boost','20000','50000'),
('PD002','PC001','Pampers','70000','100000 '),
('PD003','PC002','Bape','60000','80000'),
('PD004','PC003','IPhone XR','20000','50000'),
('PD005','PC004','Desks','1000000','2500000'),
('PD006','PC005','Cables','13000','15000'),
('PD007','PC005','Gears','7000','10000'),
('PD008','PC006','Zippo','10000','15000'),
('PD009','PC007','Pons','5000','12000'),
('PD010','PC008','TShirt Nike','100000','200000'),
('PD011','PC009','Body shop','300000','1000000'),
('PD012','PC009','Towel','100000','1200000'),
('PD013','PC007','Tissue','5000','20000'),
('PD014','PC010','Hot Wheels','1000','15000'),
('PD015','PC009','Pepsoden','3000','25000')

---------------------------------------------------------------------------------------------------------------------------------------------
--INSERT TO TABLE Vendor
---------------------------------------------------------------------------------------------------------------------------------------------

INSERT INTO Vendor VALUES
('VR001','budi kosasih','surjana ali','0877369122','patimura street','surjanaali@gmail.com'),
('VR002','muhammad udin','joni wibawa','0877333227','parung street','joniwibawa@gmail.com'),
('VR003','maulana maman','wijianto','0812936890','wijaya street','wijianto01@gmail.com'),
('VR004','fikri ramadhan','muhammad lutpi','0812968772','bintaro street','muhammadlutpi@gmail.com'),
('VR005','abdul sohmad','jakiyanto','0812936993','fals street','jakiyanto@gmail.com'),
('VR006','marina','sukron aji','0839665493','gunung slamet street','sukronaji@gmail.com'),
('VR007','bu tini','kimonosuke','0844657123','sawah tiga street','kimonosuke@gmail.com'),
('VR008','sartini','bayu ali','0822985674','bukit nusa indah street','bayuali@gmail.com'),
('VR009','susy','ahmad ningrat','0896415212','bukit slamet street','ahmatningrat1@gmail.com'),
('VR010','joko ismail','Jefry sumarno','0822989753','ciledug street','jefrysumarno@gmail.com')

---------------------------------------------------------------------------------------------------------------------------------------------
--INSERT TO TABLE Client
---------------------------------------------------------------------------------------------------------------------------------------------

INSERT INTO Client VALUES
('CN001','Agung kamarudin','0812362578','kedoya street','vitoria lily','Male','agungkamarudin@gmail.com'),
('CN002','Triyana','0878373910','bugis street','lingling','Male','lingling@gmail.com'),
('CN003','Stewart','0858204729','hidupbaru street','niklaus','Male','niklaus@gmail.com'),
('CN004','Heri','0812055578','cinere street','anam','Male','heri01@gmail.com'),
('CN005','Vincent','0864239785','kebayoran street','budi','Male','vincent@gmail.com'),
('CN006','Indra','0856975345','marine ford street','bayu','Male','indra@gmail.com'),
('CN007','Indri','0865442177','moja street','linkan','Female','indri@gmail.com'),
('CN008','Lion','083395754','kedoya street','bin','Male','lion@gmail.com'),
('CN009','Kratos','0865297751','yunani strett','zeus','Male','kratos@gmail.com'),
('CN010','Hera','086531252','dias street','odin','Female','hera@gmail.com')

---------------------------------------------------------------------------------------------------------------------------------------------
--INSERT TO TABLE Purchase Transaction
---------------------------------------------------------------------------------------------------------------------------------------------

INSERT INTO PurchaseTransaction VALUES
('PU001','ST010','VR003','BR005','2019-01-12'),
('PU002','ST002','VR001','BR010','2019-02-25'),
('PU003','ST001','VR003','BR007','2019-03-27'),
('PU004','ST004','VR006','BR005','2019-03-28'),
('PU005','ST005','VR004','BR009','2019-03-29'),
('PU006','ST008','VR009','BR001','2019-04-30'),
('PU007','ST002','VR005','BR004','2019-05-20'),
('PU008','ST004','VR010','BR008','2019-06-18'),
('PU009','ST007','VR002','BR001','2019-07-22'),
('PU010','ST009','VR007','BR006','2019-08-02'),
('PU011','ST006','VR006','BR004','2019-08-15'),
('PU012','ST004','VR001','BR007','2019-09-11'),
('PU013','ST007','VR008','BR003','2019-10-26'),
('PU014','ST007','VR005','BR002','2019-11-28'),
('PU015','ST003','VR004','BR009','2019-12-01'),

---------------------------------------------------------------------------------------------------------------------------------------------
--INSERT TO TABLE Sales Transaction
---------------------------------------------------------------------------------------------------------------------------------------------

INSERT INTO SalesTransaction VALUES
('SA001','ST010','CN006','BR005','2019-01-30'),
('SA002','ST002','CN004','BR010','2019-03-10'),
('SA003','ST001','CN003','BR007','2019-04-1'),
('SA004','ST004','CN009','BR005','2019-05-8'),
('SA005','ST005','CN002','BR009','2019-04-15'),
('SA006','ST008','CN005','BR001','2019-06-20'),
('SA007','ST002','CN008','BR004','2019-06-3'),
('SA008','ST004','CN002','BR008','2019-06-29'),
('SA009','ST007','CN010','BR001','2019-08-12'),
('SA010','ST009','CN007','BR006','2019-08-17'),
('SA011','ST006','CN001','BR004','2019-08-21'),
('SA012','ST004','CN009','BR007','2019-09-30'),
('SA013','ST007','CN003','BR003','2019-11-3'),
('SA014','ST007','CN004','BR002','2019-12-28'),
('SA015','ST003','CN005','BR009','2019-12-21')

---------------------------------------------------------------------------------------------------------------------------------------------
--INSERT TO TABLE Purchase Transaction Detail
---------------------------------------------------------------------------------------------------------------------------------------------

INSERT INTO Purchase_Transaction_Detail VALUES
('TP001','PU001','PD004','57'),
('TP002','PU002','PD006','22'),
('TP003','PU003','PD010','24'),
('TP004','PU004','PD012','25'),
('TP005','PU005','PD014','26'),
('TP006','PU006','PD002','51'),
('TP007','PU007','PD001','43'),
('TP008','PU008','PD005','15'),
('TP009','PU009','PD007','60'),
('TP010','PU010','PD009','73'),
('TP011','PU011','PD011','34'),
('TP012','PU012','PD013','67'),
('TP013','PU013','PD008','23'),
('TP014','PU014','PD003','11'),
('TP015','PU015','PD015','52'),
('TP016','PU001','PD002','37'),
('TP017','PU002','PD008','10'),
('TP018','PU003','PD005','93'),
('TP019','PU004','PD015','17'),
('TP020','PU005','PD003','63'),
('TP021','PU006','PD008','29'),
('TP022','PU007','PD004','65'),
('TP023','PU008','PD001','31'),
('TP024','PU009','PD009','26'),
('TP025','PU010','PD006','51')

---------------------------------------------------------------------------------------------------------------------------------------------
--INSERT TO TABLE Sales Transaction Detail
---------------------------------------------------------------------------------------------------------------------------------------------

INSERT INTO Sales_Transaction_Detail VALUES
('TS001','SA001','PD004','32'),
('TS002','SA002','PD006','20'),
('TS003','SA003','PD010','23'),
('TS004','SA004','PD012','10'),
('TS005','SA005','PD014','12'),
('TS006','SA006','PD002','43'),
('TS007','SA007','PD001','27'),
('TS008','SA008','PD005','13'),
('TS009','SA009','PD007','57'),
('TS010','SA010','PD009','38'),
('TS011','SA011','PD011','29'),
('TS012','SA012','PD013','55'),
('TS013','SA013','PD008','21'),
('TS014','SA014','PD003','5'),
('TS015','SA015','PD015','34'),
('TS016','SA001','PD002','12'),
('TS017','SA002','PD008','8'),
('TS018','SA003','PD005','83'),
('TS019','SA004','PD015','17'),
('TS020','SA005','PD003','47'),
('TS021','SA006','PD008','25'),
('TS022','SA007','PD004','53'),
('TS023','SA008','PD001','30'),
('TS024','SA009','PD009','23'),
('TS025','SA010','PD006','46')

---------------------------------------------------------------------------------------------------------------------------------------------
---------------------------------------------------------------------------------------------------------------------------------------------